DISTRICT,001A | Medicine (University of Colombo),001B | Medicine (University of Peradeniya),001C | Medicine (University of Sri Jayewardenepura),001D | Medicine (University of Kelaniya),001E | Medicine (University of Jaffna),001F | Medicine (University of Ruhuna),001G | Medicine (University of Moratuwa),"001H | Medicine (Eastern University, Sri Lanka)",001K | Medicine (Rajarata University of Sri Lanka),001L | Medicine (Sabaragamuwa University of Sri Lanka),001M | Medicine (Wayamba University of Sri Lanka),001U | Medicine (Uva Wellassa University of Sri Lanka),002B | Dental Surgery (University of Peradeniya),002C | Dental Surgery (University of Sri Jayewardenepura),003B | Veterinary Science (University of Peradeniya),004E | Agriculture (University of Jaffna),"004H | Agriculture (Eastern University, Sri Lanka)",004K | Agriculture (Rajarata University of Sri Lanka),004L | Agriculture (Sabaragamuwa University of Sri Lanka),004M | Agriculture (Wayamba University of Sri Lanka),005M | Food Science & Nutrition (Wayamba University of Sri Lanka),006A | Biological Science (University of Colombo),006B | Biological Science (University of Peradeniya),006C | Biological Science (University of Sri Jayewardenepura),006D | Biological Science (University of Kelaniya),006E | Biological Science (University of Jaffna),006F | Biological Science (University of Ruhuna),"006H | Biological Science (Eastern University, Sri Lanka)",006J | Biological Science (South Eastern University of Sri Lanka),006K | Applied Sciences (Bio.Sc) (Rajarata University of Sri Lanka),007L | Applied Sciences (Biological Sc.) (Sabaragamuwa University of Sri Lanka),"007R | Applied Sciences (Biological Sc.) (University of Vavuniya, Sri Lanka)",008B | Engineering (University of Peradeniya),008C | Engineering (University of Sri Jayewardenepura),008E | Engineering (University of Jaffna),008F | Engineering (University of Ruhuna),008G | Engineering (University of Moratuwa),008J | Engineering (South Eastern University of Sri Lanka),009G | Engineering (EM) (University of Moratuwa),010G | Engineering (TM) (University of Moratuwa),011G | Quantity Surveying (University of Moratuwa),012C | Computer Science (University of Sri Jayewardenepura),012D | Computer Science (University of Kelaniya),012E | Computer Science (University of Jaffna),012F | Computer Science (University of Ruhuna),012T | Computer Science (University of Colombo School of Computing),"012W | Computer Science (Trincomalee Campus, Eastern University, Sri Lanka)",013A | Physical Science (University of Colombo),013B | Physical Science (University of Peradeniya),013C | Physical Science (University of Sri Jayewardenepura),013D | Physical Science (University of Kelaniya),013E | Physical Science (University of Jaffna),013F | Physical Science (University of Ruhuna),"013H | Physical Science (Eastern University, Sri Lanka)",013J | Physical Science (South Eastern University of Sri Lanka),014L | Surveying Science (Sabaragamuwa University of Sri Lanka),015K | Applied Sciences (Physical Sc.) (Rajarata University of Sri Lanka),015L | Applied Sciences (Physical Sc.) (Sabaragamuwa University of Sri Lanka),015M | Applied Sciences (Physical Sc.) (Wayamba University of Sri Lanka),"015R | Applied Sciences (Physical Sc.) (University of Vavuniya, Sri Lanka)","015W | Applied Sciences (Physical Sc.) (Trincomalee Campus, Eastern University, Sri Lanka)",016A | Management (University of Colombo),016B | Management (University of Peradeniya),016C | Management (University of Sri Jayewardenepura),016D | Management (University of Kelaniya),016E | Management (University of Jaffna),016F | Management (University of Ruhuna),"016H | Management (Eastern University, Sri Lanka)",016J | Management (South Eastern University of Sri Lanka),016K | Management (Rajarata University of Sri Lanka),016L | Management (Sabaragamuwa University of Sri Lanka),016M | Management (Wayamba University of Sri Lanka),017C | Real Estate Management and Valuation (University of Sri Jayewardenepura),018C | Commerce (University of Sri Jayewardenepura),018D | Commerce (University of Kelaniya),018E | Commerce (University of Jaffna),"018H | Commerce (Eastern University, Sri Lanka)",018J | Commerce (South Eastern University of Sri Lanka),019A | Arts (University of Colombo),019B | Arts (University of Peradeniya),019C | Arts (University of Sri Jayewardenepura),019D | Arts (University of Kelaniya),019E | Arts (University of Jaffna),019F | Arts (University of Ruhuna),"019H | Arts (Eastern University, Sri Lanka)",019J | Arts (South Eastern University of Sri Lanka),019K | Arts (Rajarata University of Sri Lanka),"020S | Arts (SP) - Mass Media (Sripalee Campus, University of Colombo)",021L | Arts (SAB) (Sabaragamuwa University of Sri Lanka),"022R | Management Studies (TV) (University of Vavuniya, Sri Lanka)","022W | Management Studies (TV) (Trincomalee Campus, Eastern University, Sri Lanka)",023G | Architecture (University of Moratuwa),024G | Design (University of Moratuwa),025A | Law (University of Colombo),025B | Law (University of Peradeniya),025E | Law (University of Jaffna),026G | Information Technology (IT) (University of Moratuwa),027D | Management and Information Technology (MIT) (University of Kelaniya),028C | Management and Public Policy (University of Sri Jayewardenepura),"029W | Communication Studies (Trincomalee Campus, Eastern University, Sri Lanka)",030G | Urban Informatics and Planning (University of Moratuwa),031D | Peace and Conflict Resolution (University of Kelaniya),032A | Ayurveda Medicine and Surgery (University of Colombo),"032P | Ayurveda Medicine and Surgery (Gampaha Wickramarachchi University of Indigenous Medicine, Sri Lanka)",033A | Unani Medicine and Surgery (University of Colombo),034G | Fashion Design & Product Development (University of Moratuwa),035B | Food Science & Technology (University of Peradeniya),035C | Food Science & Technology (University of Sri Jayewardenepura),035L | Food Science & Technology (Sabaragamuwa University of Sri Lanka),036E | Siddha Medicine and Surgery (University of Jaffna),"036W | Siddha Medicine and Surgery (Trincomalee Campus, Eastern University, Sri Lanka)",037A | Nursing (University of Colombo),037B | Nursing (University of Peradeniya),037C | Nursing (University of Sri Jayewardenepura),037E | Nursing (University of Jaffna),037F | Nursing (University of Ruhuna),"037H | Nursing (Eastern University, Sri Lanka)",038K | Information and Communication Technology (ICT) (Rajarata University of Sri Lanka),"038R | Information and Communication Technology (ICT) (University of Vavuniya, Sri Lanka)",039B | Agricultural Technology & Management (University of Peradeniya),"040R | Management Studies (TV) - B (University of Vavuniya, Sri Lanka)","040W | Management Studies (TV) - B (Trincomalee Campus, Eastern University, Sri Lanka)","041S | Arts (SP) - Performing Arts (Sripalee Campus, University of Colombo)",042L | Arts (SAB) - B (Sabaragamuwa University of Sri Lanka),050K | Health Promotion (Rajarata University of Sri Lanka),051B | Pharmacy (University of Peradeniya),051C | Pharmacy (University of Sri Jayewardenepura),051E | Pharmacy (University of Jaffna),051F | Pharmacy (University of Ruhuna),052B | Medical Laboratory Sciences (University of Peradeniya),052C | Medical Laboratory Sciences (University of Sri Jayewardenepura),052E | Medical Laboratory Sciences (University of Jaffna),052F | Medical Laboratory Sciences (University of Ruhuna),053B | Radiography (University of Peradeniya),054A | Physiotherapy (University of Colombo),054B | Physiotherapy (University of Peradeniya),055D | Environmental Conservation & Management (University of Kelaniya),056G | Facilities Management (University of Moratuwa),057G | Transport Management & Logistics Engineering (TMLE) (University of Moratuwa),058A | Biochemistry & Molecular Biology (University of Colombo),059A | Industrial Statistics & Mathematical Finance (University of Colombo),060B | Statistics & Operations Research (University of Peradeniya),062F | Fisheries & Marine Sciences (University of Ruhuna),063J | Islamic Studies (South Eastern University of Sri Lanka),064U | Science and Technology (Uva Wellassa University of Sri Lanka),065U | Computer Science & Technology (Uva Wellassa University of Sri Lanka),066U | Entrepreneurship and Management (Uva Wellassa University of Sri Lanka),067U | Animal Production and Food Technology (Uva Wellassa University of Sri Lanka),068C | Music (University of Sri Jayewardenepura),068E | Music (University of Jaffna),"068Y | Music (Swamy Vipulananda Institute of Aesthetic Studies, Eastern University, Sri Lanka)",068Z | Music (University of the Visual & Performing Arts),069E | Dance (University of Jaffna),"069Y | Dance (Swamy Vipulananda Institute of Aesthetic Studies, Eastern University, Sri Lanka)",069Z | Dance (University of the Visual & Performing Arts),070E | Art & Design (University of Jaffna),"071Y | Drama & Theatre (Swamy Vipulananda Institute of Aesthetic Studies, Eastern University, Sri Lanka)",071Z | Drama & Theatre (University of the Visual & Performing Arts),"072Y | Visual & Technological Arts (Swamy Vipulananda Institute of Aesthetic Studies, Eastern University, Sri Lanka)",073U | Export Agriculture (Uva Wellassa University of Sri Lanka),075U | Industrial Information Technology (Uva Wellassa University of Sri Lanka),076U | Mineral Resources and Technology (Uva Wellassa University of Sri Lanka),077C | Business Information Systems (Honours) (BIS) (University of Sri Jayewardenepura),079J | Management and Information Technology (SEUSL) (South Eastern University of Sri Lanka),081E | Physical Education (University of Jaffna),081L | Physical Education (Sabaragamuwa University of Sri Lanka),082C | Sports Science & Management (University of Sri Jayewardenepura),082D | Sports Science & Management (University of Kelaniya),082L | Sports Science & Management (Sabaragamuwa University of Sri Lanka),083D | Speech and Hearing Sciences (University of Kelaniya),084J | Arabic Language (South Eastern University of Sri Lanka),085Z | Visual Arts (University of the Visual & Performing Arts),086B | Animal Science & Fisheries (University of Peradeniya),087M | Food Production & Technology Management (Wayamba University of Sri Lanka),088U | Aquatic Resources Technology (Uva Wellassa University of Sri Lanka),"090U | Hospitality, Tourism and Events Management (Uva Wellassa University of Sri Lanka)",091G | Information Technology & Management (University of Moratuwa),092K | Tourism & Hospitality Management (Rajarata University of Sri Lanka),092L | Tourism & Hospitality Management (Sabaragamuwa University of Sri Lanka),093F | Agricultural Resource Management and Technology (University of Ruhuna),094F | Agribusiness Management (University of Ruhuna),095F | Green Technology (University of Ruhuna),096C | Information Systems (University of Sri Jayewardenepura),096L | Information Systems (Sabaragamuwa University of Sri Lanka),096T | Information Systems (University of Colombo School of Computing),097G | Landscape Architecture (University of Moratuwa),098D | Translation Studies (University of Kelaniya),098E | Translation Studies (University of Jaffna),"098H | Translation Studies (Eastern University, Sri Lanka)",098L | Translation Studies (Sabaragamuwa University of Sri Lanka),099C | Software Engineering (University of Sri Jayewardenepura),099D | Software Engineering (University of Kelaniya),099L | Software Engineering (Sabaragamuwa University of Sri Lanka),100D | Film & Television Studies (University of Kelaniya),"101R | Project Management (University of Vavuniya, Sri Lanka)",102A | Engineering Technology (ET) (University of Colombo),102C | Engineering Technology(et) (University of Sri Jayewardenepura),102D | Engineering Technology (ET) (University of Kelaniya),102E | Engineering Technology (ET) (University of Jaffna),102F | Engineering Technology (ET) (University of Ruhuna),102K | Engineering Technology (ET) (Rajarata University of Sri Lanka),102L | Engineering Technology (ET) (Sabaragamuwa University of Sri Lanka),102M | Engineering Technology (ET) (Wayamba University of Sri Lanka),102U | Engineering Technology (ET) (Uva Wellassa University of Sri Lanka),103A | Biosystems Technology (BST) (University of Colombo),103C | Biosystems Technology (BST) (University of Sri Jayewardenepura),103E | Biosystems Technology (BST) (University of Jaffna),103F | Biosystems Technology (BST) (University of Ruhuna),"103H | Biosystems Technology (BST) (Eastern University, Sri Lanka)",103J | Biosystems Technology (BST) (South Eastern University of Sri Lanka),103K | Biosystems Technology (BST) (Rajarata University of Sri Lanka),103L | Biosystems Technology (BST) (Sabaragamuwa University of Sri Lanka),103M | Biosystems Technology (BST) (Wayamba University of Sri Lanka),103U | Biosystems Technology (BST) (Uva Wellassa University of Sri Lanka),104A | Information Communication Technology (University of Colombo),104C | Information Communication Technology (University of Sri Jayewardenepura),104D | Information Communication Technology (University of Kelaniya),104F | Information Communication Technology (University of Ruhuna),104J | Information Communication Technology (South Eastern University of Sri Lanka),104K | Information Communication Technology (Rajarata University of Sri Lanka),"104R | Information Communication Technology (University of Vavuniya, Sri Lanka)",104U | Information Communication Technology (Uva Wellassa University of Sri Lanka),105C | Teaching English as a Second Language (TESL) (University of Sri Jayewardenepura),105D | Teaching English as a Second Language (TESL) (University of Kelaniya),106F | Marine and Fresh Water Sciences (University of Ruhuna),107L | Food Business Management (Sabaragamuwa University of Sri Lanka),108C | Physical Science - ICT (University of Sri Jayewardenepura),108D | Physical Science - ICT (University of Kelaniya),109G | Business Science (University of Moratuwa),110D | Financial Engineering (University of Kelaniya),111B | Geographical Information Science (University of Peradeniya),112B | Social Work (University of Peradeniya),112C | Social Work (University of Sri Jayewardenepura),113F | Financial Mathematics and Industrial Statistics (University of Ruhuna),114U | Human Resource Development (Uva Wellassa University of Sri Lanka),115D | Occupational Therapy (University of Kelaniya),116C | Optometry (University of Sri Jayewardenepura),117G | Artificial Intelligence (University of Moratuwa),118D | Applied Chemistry (University of Kelaniya),119D | Electronics and Computer Science (University of Kelaniya),"120P | Indigenous Medicinal Resources (Gampaha Wickramarachchi University of Indigenous Medicine, Sri Lanka)","121P | Health Information and Communication Technology (Gampaha Wickramarachchi University of Indigenous Medicine, Sri Lanka)","122P | Health Tourism and Hospitality Management (Gampaha Wickramarachchi University of Indigenous Medicine, Sri Lanka)","123P | Biomedical Technology (Gampaha Wickramarachchi University of Indigenous Medicine, Sri Lanka)","124P | Indigenous Pharmaceutical Technology (Gampaha Wickramarachchi University of Indigenous Medicine, Sri Lanka)","125P | Yoga and Parapsychology (Gampaha Wickramarachchi University of Indigenous Medicine, Sri Lanka)","126P | Social Studies in Indigenous Knowledge (Gampaha Wickramarachchi University of Indigenous Medicine, Sri Lanka)",127D | Accounting Information Systems (University of Kelaniya),128C | Arts - Information Technology (University of Sri Jayewardenepura),129C | Aquatic Bioresources (University of Sri Jayewardenepura),130C | Urban Bio Resources (University of Sri Jayewardenepura),131C | Financial Economics (University of Sri Jayewardenepura),132U | English Language & Applied Linguistics (Uva Wellassa University of Sri Lanka),"133R | Banking and Insurance (University of Vavuniya, Sri Lanka)",134C | Creative Music Technology and Production (University of Sri Jayewardenepura),135U | Plantation Management and Technology (Uva Wellassa University of Sri Lanka),136L | Data Science (Sabaragamuwa University of Sri Lanka),137A | Primary Education (University of Colombo),138A | Medical Imaging Technology (University of Colombo),139C | Polymer Science and Industrial Management (University of Sri Jayewardenepura),271D | Management and Information Technology (MIT) (Bio Science Stream) (University of Kelaniya)
COLOMBO,2.3700,2.1625,2.0988,2.0028,1.8877,1.9245,1.8762,NQC,1.8962,1.9197,1.9044,NQC,1.8054,1.8026,1.7247,0.6275,0.6210,0.7526,0.7890,0.6925,1.1286,1.5978,1.4293,1.3632,1.2927,1.0495,1.1681,1.0076,0.9998,0.9484,0.9826,0.7858,1.9264,1.8086,NQC,1.8176,2.0805,NQC,1.6222,1.6074,1.4356,1.5739,1.5815,1.3792,1.3995,1.6486,NQC,1.3692,1.2470,1.1824,1.0877,0.8975,0.9913,0.9480,0.9211,1.0317,0.8907,0.9711,0.8288,0.8294,0.8344,1.7191,1.5696,1.7191,1.6152,1.3250,1.4257,1.3368,1.3728,1.3265,1.3256,1.3457,1.5577,1.5888,1.4736,1.2504,1.2484,1.2545,1.6698,1.5147,1.5194,1.4179,1.1854,1.3336,1.1522,1.2695,1.2989,1.1093,1.3499,1.2023,1.2033,1.1361,0.9442,1.9007,1.8652,NQC,1.6619,1.4873,1.5656,1.2513,1.1318,1.6514,1.1730,0.9915,0.9558,1.2582,1.5455,1.4477,1.1320,0.3809,0.6003,1.2341,1.2282,1.1963,0.9468,0.9425,0.7886,1.2188,1.0947,1.2144,1.2904,1.2159,0.8418,1.1634,0.6659,1.6293,1.4974,1.0927,1.4158,1.6921,1.6279,1.3332,1.5478,1.3867,1.6383,NQC,0.9778,1.5529,1.6557,1.7665,1.4289,1.3691,0.8118,1.0665,0.9824,1.1285,1.2474,0.7004,0.8824,-0.3204,0.5047,0.5763,-0.1988,NQC,0.8351,NQC,-0.2195,0.8149,NQC,0.7366,1.3015,0.8234,1.9558,1.2986,0.1442,0.1816,0.8811,0.6755,0.3630,1.2242,0.6901,0.8146,0.9898,0.8949,0.6845,1.2425,1.7592,1.4018,1.4064,0.7448,0.7862,0.9090,1.6527,1.4076,1.6786,0.7836,NQC,1.1516,1.0160,1.2860,1.5399,1.5643,1.4540,1.1474,1.2241,1.7922,1.9096,1.6699,1.1437,1.3462,1.0962,1.1148,1.2253,1.0917,1.6065,1.8769,0.8552,1.3985,0.6015,0.6026,1.0952,1.1601,1.2858,1.1086,1.9915,2.1411,1.8166,1.5939,1.0226,1.2338,0.9637,1.3581,1.0679,1.0743,0.9561,1.2409,1.0920,1.1544,2.0126,1.6751,1.8489,1.7406,1.7022,1.1619,1.4547,1.2943,1.3269,2.1971,1.4826,1.5140,0.6696,1.0387,1.2162,1.0727,0.9466,1.2785,1.2990,1.6056,1.7807,0.9948,0.9212,1.7861,1.4182,1.2609,1.4664,0.7170,1.3811,1.6439,1.5391,1.4366,1.4237
GAMPAHA,2.3700,2.1812,2.1131,2.0126,1.6662,1.9237,1.8568,NQC,1.8191,1.6464,1.6996,1.6454,1.6256,1.6260,1.6125,0.6256,0.5565,0.7532,0.7928,0.6960,1.1620,1.5980,1.4388,1.3616,1.2905,1.0445,1.1680,0.8909,0.7932,0.9582,0.9803,0.6605,1.9259,1.8122,1.5835,1.6306,2.0818,NQC,1.5299,1.5433,1.4088,1.6321,NQC,1.1771,1.4079,1.6550,1.2027,1.3723,1.2477,1.1855,1.0851,0.7941,0.9910,0.7948,0.8542,1.0102,0.9178,0.9806,0.8199,0.7322,0.7308,1.7223,1.5728,1.7183,1.6168,1.3161,1.4264,1.4048,NQC,1.3161,1.3218,1.3424,1.4872,1.5948,1.4736,1.2433,1.2480,1.2457,1.6698,1.5147,1.5194,1.4179,1.1854,1.3336,1.1522,1.2695,1.2989,1.1093,1.3499,1.2049,1.2105,1.0750,0.6829,1.9018,1.8645,1.8292,1.5672,1.4122,1.5136,1.2513,1.1160,1.6514,1.2060,0.8918,0.8476,1.2697,1.5092,1.4666,1.2127,0.0957,NQC,1.2322,1.2416,1.1842,0.9404,0.9422,0.7844,1.2204,1.1689,1.2549,1.2981,1.2487,0.8418,1.1634,0.5843,1.5980,1.5100,1.2216,1.4059,NQC,NQC,1.3844,1.5470,1.4445,1.6095,1.5587,1.0108,1.5060,1.5765,1.6023,1.3558,1.3684,0.7630,1.0665,0.9674,1.1495,1.2745,0.6667,0.5340,NQC,NQC,0.7946,-0.3589,NQC,0.8074,NQC,NQC,0.6926,NQC,0.6480,1.2171,0.7950,1.8623,1.3792,-0.1273,0.1682,0.8875,0.6407,0.4333,1.2563,0.6901,0.9160,1.0899,0.9152,0.5910,1.2737,1.5576,1.4712,1.4138,0.7098,0.7574,0.8372,1.6714,1.2411,1.7001,0.6185,1.5128,NQC,0.8197,1.2578,1.5474,1.5647,1.4139,1.0198,1.2145,1.7693,1.9062,1.6713,1.0628,1.3739,1.0778,1.1133,1.2240,1.0793,1.6115,1.9089,0.8485,1.4295,0.7619,0.7635,1.1003,1.1593,1.2555,1.1204,1.9615,2.1436,1.8004,1.5893,1.0224,1.2163,0.9778,1.3656,1.0679,1.0743,0.8724,1.2489,1.0918,1.0424,1.7710,1.6319,1.8776,1.7406,1.7022,1.1070,1.5194,1.2241,1.4194,2.2172,1.4424,1.5292,0.5752,0.9351,1.2162,1.0463,0.9178,1.2975,1.2883,1.5586,1.7807,0.9053,0.8691,1.8033,1.3769,1.2354,1.3472,0.6827,1.3854,1.6156,1.4494,1.4621,1.3684
KALUTARA,2.3809,2.1587,2.1097,2.0369,1.7774,1.9223,1.8544,NQC,1.8267,1.7836,1.7756,NQC,1.7634,NQC,1.7223,0.7552,0.7524,0.7490,0.7895,0.7505,1.2072,1.6137,1.4419,1.3602,1.2910,1.2104,1.2084,1.4254,NQC,0.9556,0.9854,NQC,1.9360,1.8010,NQC,1.7093,2.0848,NQC,1.6336,1.6095,1.4199,1.5745,1.5904,1.3137,1.4152,1.6535,NQC,1.3737,1.2579,1.1845,1.0853,0.8872,0.9982,0.9138,0.8854,1.1064,0.8982,0.9735,0.8163,0.8018,NQC,1.7207,1.5808,1.7191,1.6175,NQC,1.4312,NQC,NQC,1.3817,1.3664,1.3649,1.5201,1.5944,1.4752,1.3145,1.3552,1.3137,1.6698,1.5147,1.5194,1.4179,1.1854,1.3336,1.1522,1.2695,1.2989,1.1093,1.3499,1.2033,1.1953,1.2495,0.4895,1.8968,1.8644,1.8435,1.6560,1.4433,1.4768,1.2513,1.1100,1.6514,1.1882,1.0750,1.0667,0.6290,1.4838,1.4449,NQC,1.0475,0.6839,1.2524,1.2228,1.1926,1.0685,1.0104,NQC,1.2232,1.1408,1.2933,1.2887,1.2768,0.8418,1.1634,0.7788,1.5453,1.5243,NQC,1.4559,1.7043,1.6314,NQC,1.5924,1.4930,1.6584,1.6815,0.9067,1.5478,1.6394,1.7503,1.3857,1.3855,0.7872,1.0665,0.9888,1.2266,1.2666,0.7388,0.7976,NQC,NQC,0.7268,0.4023,-0.5652,1.0002,-0.6634,NQC,0.9808,-0.0116,0.7457,1.2884,0.9194,1.8719,1.4209,-0.0257,0.2083,0.9931,0.7486,0.5404,1.1613,0.6901,0.6850,1.0599,0.9275,0.7001,1.2649,1.6106,1.8205,1.4597,0.8722,0.8884,0.9279,1.6691,1.4654,1.7935,0.6050,NQC,NQC,0.9550,1.2672,1.5413,1.5649,NQC,1.0440,1.2480,1.7736,1.9546,1.6736,1.1449,1.3453,1.1440,1.1335,1.2231,1.1129,1.6348,1.9044,0.8924,1.3850,NQC,0.8850,1.0946,1.1510,1.2547,1.1113,2.0823,2.1918,1.8115,1.5727,1.0414,1.2163,1.0677,1.3522,1.0679,1.0743,0.9693,1.2696,1.0535,1.1503,1.9222,1.6783,1.9340,1.7406,1.7022,1.1893,1.5484,1.3497,1.3481,2.0840,1.4676,1.5330,0.7364,1.0680,1.2234,1.0897,1.0245,1.2915,1.3136,1.6268,1.7807,0.9971,0.9196,1.7474,1.3962,1.2634,1.5290,0.7515,1.4179,1.7845,1.5183,1.4784,1.4152
MATALE,2.4415,2.1817,2.1280,2.0614,1.6734,1.9830,1.8715,1.5776,1.8212,NQC,1.7569,NQC,1.5707,1.5718,1.5366,0.6740,0.6606,0.7496,0.8637,0.6976,1.0935,NQC,1.4420,1.3632,1.2974,1.1652,1.1659,NQC,NQC,0.9532,1.0506,0.7762,1.9470,NQC,1.2734,1.7057,2.1458,1.1175,1.6130,1.5127,1.2340,NQC,NQC,1.1074,NQC,NQC,0.7439,NQC,NQC,NQC,1.0927,0.8367,1.0491,0.5778,0.5733,0.9708,0.9527,NQC,0.8591,0.7015,0.5089,1.7383,1.5807,1.7311,1.6265,1.2512,1.5552,NQC,1.2473,1.2465,1.3353,1.3456,1.5887,1.6104,1.4725,1.2113,1.2121,1.2129,1.6698,1.5147,1.5194,1.4179,1.1854,1.3336,1.1522,1.2695,1.2989,1.1093,1.3499,1.2010,NQC,1.2211,NQC,1.9069,1.8700,1.8526,1.3443,1.3437,1.5186,1.2513,0.9356,1.6514,1.2039,0.9906,0.9511,0.9995,NQC,NQC,1.0889,0.5425,0.6598,1.3117,1.2721,1.2413,0.9767,NQC,0.8486,1.2235,1.2165,1.2716,1.3016,1.2867,0.8418,1.1634,0.6942,NQC,NQC,1.4526,NQC,NQC,NQC,1.5035,NQC,1.3989,NQC,1.5695,0.8433,1.4032,1.6287,1.5604,1.1018,1.1419,0.7992,1.0665,0.9824,1.1708,1.2147,0.6984,NQC,-0.0268,-0.0661,1.0140,0.0321,NQC,0.8538,1.2076,0.7904,0.9862,-0.0938,0.6711,1.2521,0.7703,1.9198,1.4954,-0.0260,NQC,NQC,NQC,0.1696,1.3620,0.6901,1.1777,1.1441,0.9052,0.7325,1.2291,1.4034,1.5139,1.4470,0.8534,0.9003,0.7877,1.7496,1.2166,1.8254,0.9038,NQC,1.1181,NQC,1.2989,NQC,NQC,1.0970,0.6663,1.2274,1.7840,1.9232,1.7091,1.1782,NQC,1.1977,1.1910,1.3131,1.2049,1.6598,1.8752,0.9179,1.5700,NQC,NQC,1.1004,1.2057,1.3248,1.1118,1.9673,2.1357,1.8187,NQC,NQC,1.2781,NQC,1.4159,1.0679,1.0743,0.9325,1.2057,1.1920,0.6002,1.6797,1.6671,1.9401,1.7406,1.7022,0.9638,1.4874,1.3862,1.3884,2.3114,1.4571,1.2146,0.6372,1.1206,1.1801,1.1565,1.0744,1.3558,1.3438,1.5842,1.7807,1.0222,0.6956,1.7436,1.4420,1.2312,1.4345,0.6490,1.0847,1.6044,1.3394,1.2066,1.2756
KANDY,2.5094,2.1565,2.1104,2.0099,1.7799,1.9235,1.8770,NQC,1.8167,1.7997,1.7781,NQC,1.7681,NQC,1.7313,0.7413,0.8715,0.7486,0.8281,0.7344,1.1591,1.5993,1.4269,1.3638,1.2906,1.0814,1.1665,1.0835,NQC,0.9573,0.9847,NQC,1.9251,1.8007,1.6179,1.6267,2.1017,NQC,1.5922,1.5721,1.3480,1.5888,1.5829,1.1100,1.4568,1.6561,1.0091,1.3697,1.2463,1.1907,1.0859,0.8057,0.9918,0.8251,0.9010,1.0113,0.9108,0.9743,0.8185,0.7824,0.7875,1.7303,1.5736,1.7303,1.6176,1.2402,1.4288,1.3064,NQC,1.2441,1.3249,1.3425,1.5209,1.5928,1.4856,1.2121,1.1769,1.1809,1.6698,1.5147,1.5194,1.4179,1.1854,1.3336,1.1522,1.2695,1.2989,1.1093,1.3499,1.1625,1.1625,1.3072,1.1353,1.9089,1.8763,1.7782,1.6145,1.4445,1.4976,1.2513,1.0632,1.6514,1.1972,0.9668,0.9099,1.0360,1.5127,1.4643,1.1798,0.6488,0.6881,1.2471,1.2453,1.1810,0.9418,0.9439,0.8793,1.2247,1.0200,1.3015,1.2892,1.2773,0.8418,1.1634,0.7658,1.6226,NQC,1.1640,1.4446,1.6707,1.6401,1.4249,1.5929,1.5115,1.6175,1.5465,1.0451,1.4931,1.5674,1.7251,1.3298,1.3949,0.8501,1.0665,0.9772,1.0818,1.2281,0.8102,0.6038,0.5914,-0.1888,0.8785,0.0954,0.5711,1.0011,0.0255,0.2563,0.9794,0.1872,0.7499,1.1807,0.8315,1.8878,1.4405,-0.2536,0.3353,0.9777,0.7086,0.4285,1.1479,0.6901,0.5243,1.1151,1.0078,0.7164,1.2186,1.4758,1.3856,1.3687,0.9008,0.8648,0.9677,1.6686,1.2036,1.8333,0.8893,1.4037,1.3034,1.1854,1.3508,NQC,NQC,1.3366,1.1513,1.2642,1.7876,1.9706,1.6746,1.0253,1.4029,1.0474,1.1194,1.2198,1.0479,1.6170,1.9524,1.0268,1.3957,1.0226,1.0553,1.0923,1.1755,1.2858,1.1118,1.9822,2.1897,1.8651,1.5937,1.0595,1.2220,1.0170,1.5425,1.0679,1.0743,0.8803,1.2145,1.0624,0.9336,1.7135,1.5952,1.8190,1.7406,1.7022,1.1367,1.5068,1.2856,1.3643,1.9586,1.4556,1.4927,0.7095,1.0034,1.1618,1.0129,1.0075,1.3068,1.3095,1.4553,1.7807,0.9030,0.8637,1.7396,1.4440,1.2144,1.3496,0.7145,1.3267,1.5117,1.4585,1.3498,1.2345
NUWARA ELIYA,2.8086,2.2153,2.1047,2.0245,1.6672,1.9304,NQC,1.5163,1.8889,1.8137,1.6996,1.5375,1.4818,1.5162,1.4285,0.6278,0.4572,0.7535,0.8645,0.6937,1.1038,NQC,NQC,1.3930,1.3111,1.1266,1.1973,0.8883,0.5027,0.9716,1.0096,0.4634,1.9937,NQC,1.2672,1.6467,2.0835,0.7651,1.0294,1.0482,0.7132,NQC,NQC,NQC,NQC,NQC,0.4406,1.7121,1.5859,NQC,NQC,0.9804,NQC,0.4056,0.1747,0.6473,NQC,NQC,NQC,NQC,0.1480,1.7687,1.5768,1.7240,1.6344,1.0890,1.4393,1.0849,1.0826,1.2441,1.3265,1.3456,1.5072,NQC,1.4728,1.3265,1.0114,1.0098,1.6698,1.5147,1.5194,1.4179,1.1854,1.3336,1.1522,1.2695,1.2989,1.1093,1.3499,1.0434,1.1482,0.5919,0.5363,1.9401,1.8701,1.7045,1.3062,0.7942,1.5048,1.2513,0.9888,1.6514,1.3019,0.8347,0.8790,0.0222,NQC,NQC,1.0193,0.5273,0.6549,1.2337,NQC,1.2005,1.0157,0.9760,0.8733,NQC,0.8158,1.2419,1.3037,1.3021,0.8418,1.1634,0.7001,NQC,NQC,1.1703,NQC,NQC,NQC,1.2636,NQC,1.3704,NQC,1.3708,0.8631,1.2761,1.0281,1.4099,0.7097,0.7645,0.7279,1.0665,0.7369,0.8858,1.1682,0.6239,1.2551,0.4669,0.2408,0.3699,0.5690,0.6703,-0.2734,0.9812,0.5168,0.5802,0.2658,0.7190,1.1529,0.6831,1.6311,1.5253,0.1343,0.4696,0.9013,NQC,0.3528,0.9193,0.6901,NQC,1.0192,0.8958,0.5420,1.0498,1.1802,1.5150,1.5198,0.7576,0.7544,0.7979,NQC,0.9123,NQC,NQC,1.4601,1.1087,1.4391,1.0746,NQC,NQC,0.7372,0.8950,1.2021,1.8198,1.9843,1.6964,0.9985,1.3416,1.0169,1.1365,1.2230,0.9985,1.6107,NQC,0.9142,1.4014,1.1036,0.9715,1.1255,1.1768,1.2890,NQC,2.1191,2.7206,1.8808,1.7518,1.0273,1.3429,0.8996,1.3903,1.0679,1.0743,0.8541,1.0050,NQC,0.4934,1.9926,1.6727,1.6872,1.7406,1.7022,0.6911,1.5932,1.2369,1.3337,1.6513,1.3484,0.8988,0.4477,0.8957,1.0042,1.0643,0.9056,1.2986,1.3702,1.3398,1.7807,0.8039,0.8359,1.6015,1.5032,1.0842,1.5376,0.4900,0.7465,1.3420,1.3539,1.2350,1.2196
GALLE,2.3865,2.2065,2.1309,2.0245,1.8412,1.9231,1.8515,NQC,1.8160,1.8096,1.8069,NQC,1.7994,NQC,1.7260,0.7800,0.7131,0.7453,0.7935,0.7172,1.1845,1.6021,1.4327,1.3615,1.2902,1.2824,1.2002,1.2465,NQC,0.9888,0.9872,NQC,1.9258,1.8512,NQC,1.8399,2.0803,NQC,1.5931,1.6126,1.4682,1.5751,1.5847,NQC,1.4864,1.6504,NQC,1.3720,1.2502,1.1819,1.0853,NQC,1.0317,NQC,NQC,1.0987,0.8906,0.9708,0.8813,0.8797,NQC,1.7215,1.5735,1.7299,1.6176,1.3569,1.4257,NQC,NQC,NQC,1.3624,1.3777,1.5559,1.5951,1.4912,1.2800,1.2945,1.2905,1.6698,1.5147,1.5194,1.4179,1.1854,1.3336,1.1522,1.2695,1.2989,1.1093,1.3499,1.2065,1.2073,1.3088,0.6868,1.9133,1.8865,NQC,1.6884,1.4804,1.5408,1.2513,1.1840,1.6514,1.1761,1.3345,1.0044,0.8681,1.4870,1.4598,1.3515,NQC,0.6500,1.2330,1.2419,1.1864,1.1608,1.1189,NQC,1.2284,1.1797,1.2977,1.2988,1.2916,0.8418,1.1634,0.8239,1.5605,1.5066,1.4478,1.4410,NQC,1.6303,NQC,1.5725,1.4786,1.6379,NQC,1.0432,1.5656,1.6343,1.7503,1.4315,1.4223,0.8205,1.0665,1.0256,1.2722,1.2937,0.7733,NQC,NQC,NQC,0.7212,NQC,NQC,0.7743,0.1403,NQC,0.4307,0.5208,0.7548,1.2775,0.8923,1.8550,1.4043,NQC,0.2655,0.8570,0.7201,0.6028,1.3241,0.6901,0.9841,1.0760,0.9631,0.7191,1.2930,1.6894,1.4423,1.4372,0.8758,0.8856,0.9408,1.6549,1.4976,1.7055,0.7259,1.4021,NQC,0.9682,1.3875,1.5472,1.5658,1.4509,1.1393,1.2433,1.8059,1.9140,1.6702,1.2621,1.3545,1.2623,1.3223,1.2600,1.2690,1.6263,1.9199,0.9655,1.4103,0.8953,0.9120,1.1394,1.1652,1.2616,1.1292,1.9881,2.1320,1.7978,1.5747,1.2416,1.2356,NQC,1.3753,1.0679,1.0743,1.0015,1.2769,1.0973,1.0021,1.8831,1.6759,1.8964,1.7406,1.7022,1.1684,1.5069,1.4081,1.4101,2.3589,1.4921,1.5178,0.7334,1.0930,1.2593,1.1872,1.0697,1.3226,1.3197,1.6545,1.7807,1.0298,0.9164,1.6715,1.5263,1.2553,1.4877,0.7556,1.4128,1.7720,1.4392,1.3995,1.4620
MATARA,2.3706,2.2008,2.1027,2.0192,NQC,1.9309,1.8480,NQC,1.8311,1.8474,1.8335,NQC,1.8153,NQC,1.7242,0.9050,0.7314,0.7472,0.8047,0.7227,1.1791,1.6089,1.4316,1.3748,1.3021,1.0535,1.1732,0.9927,1.0163,0.9670,0.9948,0.8090,1.9292,1.8422,NQC,1.8187,2.0829,NQC,1.6045,1.5991,1.4746,1.5769,1.5881,NQC,1.5312,1.6503,NQC,1.3737,1.2531,1.1831,1.0886,NQC,1.0491,NQC,NQC,1.1548,0.8838,0.9810,0.8601,NQC,0.8691,1.7334,1.5952,1.7311,1.6164,NQC,1.4264,NQC,NQC,1.3992,1.3738,1.3864,1.5480,1.5943,1.4784,1.2793,1.2425,1.2789,1.6698,1.5147,1.5194,1.4179,1.1854,1.3336,1.1522,1.2695,1.2989,1.1093,1.3499,1.2161,1.2137,1.2421,1.0530,1.8968,NQC,NQC,1.7049,1.4981,1.5259,1.2513,1.2389,1.6514,1.1914,1.1437,1.0383,1.0865,1.4819,1.4462,1.4754,0.7671,0.5983,1.2294,1.2388,1.1819,NQC,1.0847,NQC,1.2220,1.1787,1.3005,NQC,1.2771,0.8418,1.1634,0.8146,1.5738,1.5243,1.4366,1.4402,1.6735,1.6559,NQC,1.5945,1.5349,1.6758,1.6770,1.0020,1.5808,1.6298,1.7529,1.4259,1.4162,0.8069,1.0665,1.0507,1.3368,1.2881,0.8214,1.1399,NQC,0.3098,0.9169,NQC,NQC,0.9058,NQC,NQC,0.4999,-0.4000,0.7383,1.3849,0.8954,1.9448,1.3136,NQC,0.2925,1.0401,0.6132,0.5503,1.1715,0.6901,1.2286,1.1145,0.8740,0.6953,1.2937,1.7194,1.4525,1.4451,0.8781,0.8733,0.9606,NQC,1.4297,1.6920,0.7594,1.4014,NQC,0.3517,NQC,1.5385,1.5659,1.5158,1.1901,1.2672,1.7691,1.9855,1.6953,1.6369,1.3404,1.3168,1.2936,1.3084,1.2840,1.6201,1.8962,1.0608,1.4576,1.0588,1.0473,1.1063,1.1861,1.2696,1.1710,1.9721,2.1735,1.8141,1.5767,NQC,1.4463,NQC,1.3522,1.0679,1.0743,1.0148,1.3096,1.0920,1.1239,1.9574,1.6319,1.8816,1.7406,1.7022,1.2285,1.5685,1.3937,1.3924,2.3622,1.4796,1.5314,0.7166,1.1216,1.2760,1.2166,1.0414,1.3215,1.3066,1.6508,1.7807,1.0473,0.8846,1.7703,1.4719,1.2641,1.5415,0.7568,1.4337,1.7508,1.4795,1.4077,1.4539
HAMBANTOTA,2.4802,2.1781,2.1135,2.0058,NQC,1.9215,1.8685,1.8131,1.8201,1.8005,NQC,NQC,1.7901,1.7935,1.7326,0.7266,0.7527,0.7473,0.7940,0.7215,1.1566,1.6803,1.4597,1.3614,1.2920,NQC,1.1738,0.9767,0.9968,0.9490,0.9897,NQC,1.9376,1.9009,NQC,1.6476,2.0798,NQC,1.5890,1.5851,1.4374,1.6036,1.5901,NQC,1.4499,1.8055,NQC,1.3709,1.2643,1.1872,1.0952,0.9414,0.9986,NQC,0.9692,1.1549,0.8838,0.9716,0.8607,NQC,NQC,1.7543,1.6120,1.7487,1.6159,1.1370,1.4280,1.1258,1.1634,1.2481,1.3577,1.3657,1.5824,1.5895,1.5118,NQC,1.0714,1.1009,1.6698,1.5147,1.5194,1.4179,1.1854,1.3336,1.1522,1.2695,1.2989,1.1093,1.3499,1.0953,1.1002,1.0452,0.2453,1.9078,1.8660,NQC,1.6586,1.4935,1.5256,1.2513,1.1642,1.6514,1.1735,1.1695,0.9411,0.5123,1.4927,1.4412,1.3386,NQC,0.6841,1.2280,1.2869,1.1877,1.0495,1.0390,NQC,1.2394,1.0845,1.3405,1.2945,1.2813,0.8418,1.1634,0.8416,1.5729,1.5056,NQC,1.4423,1.6802,1.6263,NQC,1.5896,1.4920,1.6283,NQC,1.0376,1.4496,1.6233,1.7249,1.4083,1.4210,0.8567,1.0665,1.0479,1.2785,1.2537,0.7914,1.3345,NQC,NQC,-0.1580,NQC,NQC,0.8121,NQC,NQC,0.9097,NQC,0.7774,1.2731,0.9405,1.7559,1.4430,-0.4954,NQC,NQC,0.6304,-0.4597,1.2633,0.6901,1.2264,1.1351,0.9686,0.7059,1.2249,1.7234,1.3784,1.3822,0.9061,0.8794,0.9710,NQC,1.2853,1.6935,0.6549,1.4951,NQC,1.1067,1.3316,1.5642,1.5670,1.4490,0.8968,1.2113,1.7770,2.0412,1.6990,1.0676,1.4269,1.0434,1.1321,1.2414,1.0298,1.6213,2.1215,NQC,1.4110,NQC,NQC,1.1085,1.1619,1.3283,1.1148,2.0050,2.1746,1.9361,1.5766,1.1635,1.2660,NQC,1.3602,1.0679,1.0743,0.9577,1.2234,NQC,0.9505,1.8128,1.4681,1.9855,1.7406,1.7022,1.2167,1.5405,1.3740,1.4701,2.2275,1.4280,1.5178,0.7109,1.1062,1.2617,1.1054,1.0718,1.3324,1.3654,1.6489,1.7807,0.9898,0.9312,1.7065,1.5512,1.2417,1.3978,0.7698,1.4130,1.8209,1.5434,1.4384,1.3564
JAFFNA,2.3703,2.1833,2.0997,NQC,1.8577,NQC,1.8575,NQC,NQC,NQC,NQC,NQC,1.8172,NQC,1.6952,0.7086,NQC,0.7724,0.9733,0.8416,1.2255,NQC,1.4437,1.3610,1.2987,1.0470,1.2017,1.0513,NQC,0.9620,1.0118,0.9209,1.9254,1.8019,1.6834,1.6950,2.0822,NQC,1.3231,1.4110,1.3915,1.5786,NQC,1.3247,NQC,1.6495,NQC,NQC,1.2518,1.1878,1.0979,0.8707,1.0042,0.9339,0.9072,1.1538,0.9003,1.0698,0.8336,0.8382,0.9449,1.7279,1.5992,1.7191,NQC,1.0587,NQC,1.0531,1.0778,NQC,NQC,NQC,1.3051,NQC,NQC,NQC,1.0370,0.9218,1.6698,1.5147,1.5194,1.4179,1.1854,1.3336,1.1522,1.2695,1.2989,1.1093,1.3499,0.9970,1.0356,0.4098,0.2844,1.9117,NQC,1.8118,1.6909,1.4733,1.4611,1.2513,1.0170,1.6514,1.1958,0.9073,0.8929,NQC,NQC,1.4512,1.1475,0.7849,0.8028,1.2844,1.2255,1.1816,1.0287,NQC,NQC,1.2267,1.1896,1.2388,1.4627,1.1295,0.8418,1.1634,0.7017,1.5704,1.4986,1.4904,NQC,1.6904,1.6349,1.6053,NQC,1.5573,1.6682,1.6628,0.8478,1.2601,1.4605,1.7634,1.3105,1.4181,0.6641,1.0665,1.0640,1.3308,0.9902,0.6807,NQC,0.7185,0.7073,NQC,0.6295,0.5998,NQC,0.6973,0.9671,NQC,0.5267,0.6902,1.3141,0.9427,1.6207,1.3986,0.3278,0.2325,0.8763,0.6680,0.4365,1.3835,0.6901,NQC,1.0287,0.9937,0.6721,0.9514,1.6664,1.4912,1.4646,0.6863,0.8585,0.8897,1.6730,1.2983,1.8874,0.6201,NQC,1.2036,NQC,NQC,1.5450,1.6254,NQC,NQC,1.1146,NQC,2.0720,1.7300,0.7588,NQC,0.7611,NQC,1.3958,0.8904,1.7840,2.0326,0.8873,NQC,0.6059,0.5860,1.1477,NQC,1.3987,1.1919,2.0017,2.3190,1.8034,NQC,1.0423,1.5584,0.9293,1.3855,1.0679,1.0743,0.9645,0.9523,1.2117,1.0260,1.4936,1.4176,1.8235,1.7406,1.7022,1.1156,1.5850,1.4339,1.4726,2.1366,1.4135,1.5092,0.6805,0.9984,0.9274,1.1842,0.8830,1.3614,1.1541,1.5262,1.7807,1.0092,0.9026,1.3850,1.3425,1.1690,1.3186,0.7569,1.3956,NQC,1.5571,1.4914,1.4702
KILINOCHCHI,2.4962,2.2201,2.1309,NQC,1.6691,NQC,NQC,1.5516,NQC,NQC,NQC,NQC,1.5495,NQC,1.4931,0.6708,NQC,0.7443,NQC,NQC,0.8406,NQC,NQC,NQC,NQC,NQC,NQC,NQC,0.6312,NQC,NQC,0.5652,1.9560,NQC,1.6050,1.7726,2.1396,NQC,1.5508,1.4688,1.4447,NQC,NQC,1.1740,NQC,NQC,0.8323,NQC,NQC,NQC,NQC,0.8103,NQC,0.4169,0.3200,0.8495,NQC,NQC,NQC,NQC,0.3759,NQC,1.5913,1.7903,1.6567,1.0715,NQC,0.7579,1.1058,NQC,1.4792,NQC,1.1954,NQC,NQC,NQC,1.0202,0.6972,1.6698,1.5147,1.5194,1.4179,1.1854,1.3336,1.1522,1.2695,1.2989,1.1093,1.3499,NQC,NQC,NQC,NQC,1.9758,1.8991,NQC,1.5735,1.1480,1.2482,1.2513,0.7242,1.6514,1.2092,1.0619,0.7347,NQC,NQC,NQC,0.9776,0.9657,0.8186,1.3310,1.2276,1.2021,0.9571,NQC,NQC,NQC,0.7959,1.0787,1.2987,NQC,0.8418,1.1634,0.5830,NQC,NQC,1.4004,NQC,NQC,NQC,1.4217,NQC,1.4074,NQC,1.5318,0.7930,0.8387,1.5700,1.5195,1.0681,0.8705,0.5129,1.0665,0.8269,0.8181,0.7666,0.5574,NQC,0.5938,0.2350,NQC,0.5725,0.7290,NQC,0.2040,0.9785,NQC,0.6189,0.5460,0.7088,0.7550,1.0106,1.5455,0.9582,0.3848,NQC,NQC,0.3635,1.0751,0.6901,NQC,0.7351,0.7053,0.4531,0.6555,0.9010,1.4277,1.5395,0.8504,0.5329,0.5763,NQC,1.0719,NQC,NQC,NQC,NQC,0.9899,NQC,NQC,NQC,1.2771,NQC,1.0304,NQC,NQC,NQC,0.0219,NQC,NQC,NQC,NQC,NQC,NQC,NQC,NQC,NQC,-0.2665,-0.5360,NQC,NQC,NQC,NQC,NQC,NQC,NQC,NQC,NQC,NQC,0.3051,NQC,1.0679,1.0743,0.5329,0.5789,NQC,0.4243,0.6620,0.8211,1.8710,1.7406,1.7022,0.5449,1.4034,1.3781,1.3999,1.4245,0.8946,0.8663,0.4630,0.4786,0.6748,0.6646,0.3824,1.1628,1.1533,0.3414,1.7807,0.4255,0.5758,0.6676,0.9417,0.9786,1.4384,0.4940,1.1021,NQC,1.2894,0.9006,1.3156
MANNAR,2.5270,NQC,NQC,2.0257,1.7713,1.9247,NQC,NQC,1.8663,1.7839,NQC,NQC,1.7265,NQC,1.5327,0.7067,NQC,NQC,NQC,0.7427,1.2448,NQC,NQC,NQC,NQC,NQC,NQC,NQC,0.4456,NQC,NQC,0.6361,NQC,1.8685,1.4186,1.6598,2.3839,NQC,0.9022,0.8306,0.7650,NQC,NQC,NQC,NQC,NQC,0.5385,NQC,NQC,NQC,NQC,NQC,NQC,NQC,-0.0245,0.5638,NQC,NQC,NQC,NQC,-0.2251,1.7335,1.5816,1.8151,NQC,1.0825,1.5456,0.9074,0.9723,NQC,NQC,NQC,1.1129,NQC,NQC,NQC,NQC,0.8428,1.6698,1.5147,1.5194,1.4179,1.1854,1.3336,1.1522,1.2695,1.2989,1.1093,1.3499,0.8942,NQC,0.7616,NQC,1.9456,NQC,1.8582,1.7242,1.3016,1.2298,1.2513,0.8789,1.6514,1.1933,NQC,0.9763,NQC,NQC,NQC,1.1828,0.9000,0.7419,1.3265,1.2758,NQC,1.1663,1.1563,NQC,NQC,0.7614,0.8058,NQC,1.2037,0.8418,1.1634,0.4528,NQC,NQC,1.3874,NQC,NQC,NQC,1.4899,NQC,1.5134,NQC,1.6609,0.6823,0.9634,0.7306,1.5308,0.5198,0.6376,0.4854,1.0665,0.9767,1.3160,0.8779,0.6730,NQC,0.4445,0.6732,NQC,0.4317,0.6852,NQC,0.6468,0.9554,NQC,0.5174,0.3388,0.7212,0.4134,1.1622,1.4992,0.9339,0.4465,NQC,NQC,0.2809,1.3546,0.6901,NQC,0.5771,0.7598,0.5891,0.8299,1.3851,NQC,1.4728,0.5215,0.5407,0.7680,NQC,0.7707,NQC,NQC,NQC,1.0799,NQC,NQC,NQC,NQC,0.6446,NQC,0.9625,NQC,NQC,NQC,0.4480,NQC,NQC,NQC,1.4875,0.9090,NQC,NQC,0.8638,NQC,0.6215,NQC,NQC,1.1679,1.4632,NQC,NQC,NQC,NQC,NQC,NQC,NQC,0.1618,NQC,1.0679,1.0743,0.4941,0.7828,NQC,0.2396,1.6671,0.8115,1.8338,1.7406,1.7022,0.4917,1.5134,1.1275,1.4513,1.4285,0.7841,0.9387,0.6660,0.5208,0.7660,0.8305,0.5593,1.1913,1.2976,0.9477,1.7807,0.6466,0.4002,1.3292,1.5088,0.8379,1.3067,0.4086,1.2909,NQC,1.4626,1.2966,1.3669
MULLAITIVU,NQC,2.2856,NQC,NQC,1.7482,NQC,NQC,NQC,NQC,NQC,NQC,NQC,1.7468,NQC,1.6663,0.6300,0.5403,NQC,NQC,NQC,0.8419,NQC,NQC,NQC,NQC,NQC,NQC,0.8896,0.5602,NQC,NQC,0.4935,NQC,NQC,NQC,NQC,2.6538,0.5854,0.5315,0.4242,0.5296,NQC,NQC,NQC,NQC,NQC,0.3781,NQC,NQC,NQC,NQC,NQC,NQC,NQC,-0.0153,0.3123,NQC,NQC,NQC,NQC,0.0857,1.8311,1.5864,1.9438,1.6448,1.0801,NQC,1.2466,1.0818,NQC,1.4200,NQC,1.2945,NQC,NQC,NQC,1.0363,0.9970,1.6698,1.5147,1.5194,1.4179,1.1854,1.3336,1.1522,1.2695,1.2989,1.1093,1.3499,NQC,1.0306,NQC,NQC,1.9754,NQC,NQC,1.6063,0.7221,1.3952,1.2513,0.9191,1.6514,NQC,1.1342,0.4243,NQC,NQC,NQC,0.9934,0.6650,NQC,1.4158,NQC,1.1865,NQC,1.1268,NQC,NQC,0.1812,1.1665,NQC,1.2545,0.8418,1.1634,0.3254,1.5592,NQC,1.4774,NQC,NQC,NQC,1.6104,NQC,1.5474,1.6496,NQC,0.2724,1.0370,0.4121,1.6304,0.2579,0.5441,0.3004,1.0665,0.7050,0.8812,0.8875,0.1637,NQC,0.6157,0.7099,NQC,0.5008,0.4588,NQC,0.9644,0.9804,NQC,NQC,0.4427,0.1770,0.2171,1.4720,1.4152,0.4676,1.0164,NQC,NQC,0.5724,0.7766,0.6901,NQC,0.4563,0.4626,0.1627,1.0035,1.3086,1.4863,NQC,0.2740,0.2286,0.3040,NQC,1.1320,NQC,NQC,NQC,NQC,1.0310,1.3258,NQC,NQC,0.7086,NQC,1.0178,NQC,NQC,NQC,0.1907,NQC,NQC,NQC,NQC,NQC,1.6095,NQC,1.1934,NQC,0.1893,0.3132,NQC,NQC,NQC,NQC,NQC,NQC,NQC,NQC,NQC,NQC,-0.2483,NQC,1.0679,1.0743,0.2014,0.9378,NQC,0.3461,1.3617,1.0339,1.8313,1.7406,1.7022,0.0932,1.6342,1.2725,1.4618,0.8773,0.4884,0.5184,0.3350,0.7043,0.9707,1.0781,0.1760,1.2043,1.2137,NQC,1.7807,0.2688,0.2215,1.1570,1.5177,1.0027,1.1280,0.1487,0.2673,NQC,1.3841,0.6915,1.4400
VAVUNIYA,2.8227,2.2010,2.1173,2.0332,1.6830,NQC,NQC,1.6524,NQC,NQC,NQC,1.6583,1.6004,NQC,1.5914,0.7011,0.6000,0.7617,NQC,1.0410,1.1944,NQC,NQC,NQC,NQC,1.1065,1.1699,0.9789,0.5262,NQC,NQC,0.5237,2.0224,NQC,1.2786,1.6385,2.1676,1.1117,1.1249,0.8214,1.1299,NQC,NQC,NQC,NQC,NQC,0.6572,NQC,NQC,NQC,NQC,NQC,NQC,0.4220,0.2645,0.8986,NQC,NQC,NQC,NQC,0.2048,NQC,1.5720,1.7663,NQC,1.0706,NQC,0.9883,NQC,1.2537,NQC,NQC,1.5080,1.6440,1.5664,NQC,NQC,0.9234,1.6698,1.5147,1.5194,1.4179,1.1854,1.3336,1.1522,1.2695,1.2989,1.1093,1.3499,0.9386,NQC,0.6252,NQC,1.9302,1.8685,NQC,1.4097,1.0201,1.5561,1.2513,0.8282,1.6514,1.4037,0.7240,0.8950,NQC,NQC,NQC,1.0817,0.7967,0.8400,1.2359,NQC,NQC,1.0504,NQC,NQC,NQC,0.8413,1.1781,1.5884,1.2256,0.8418,1.1634,0.6635,NQC,NQC,NQC,1.4065,NQC,NQC,1.5383,NQC,1.3475,NQC,1.4442,0.6881,1.5264,0.9973,1.5381,0.8267,0.8384,0.4834,1.0665,0.6430,1.0138,0.9034,0.4751,NQC,0.6975,0.6746,0.7575,0.6077,0.5072,1.1913,0.5924,0.7482,NQC,0.1197,0.5863,1.2641,0.8294,1.5720,1.5059,0.0575,NQC,NQC,NQC,0.5833,1.1571,0.6901,NQC,0.5626,0.7325,0.4573,0.9186,1.1945,NQC,1.4222,0.9014,0.4383,0.6334,NQC,1.0374,NQC,NQC,NQC,1.1103,NQC,NQC,NQC,NQC,1.0438,NQC,1.0721,NQC,NQC,NQC,0.0899,NQC,NQC,NQC,1.3763,NQC,1.6229,1.9061,NQC,NQC,0.5828,0.6726,NQC,NQC,NQC,1.3557,NQC,NQC,NQC,NQC,NQC,1.2256,0.7589,NQC,1.0679,1.0743,0.8170,0.8859,NQC,0.5267,1.5240,1.3353,1.8117,1.7406,1.7022,0.6267,1.5338,1.1512,1.4500,1.1548,1.2574,1.2129,0.7177,0.4083,0.8475,0.8526,0.4647,1.2843,1.3591,1.1193,1.7807,0.4914,0.5226,1.3671,1.4809,0.9163,1.3544,0.6203,0.9661,1.4394,1.3949,0.9735,1.1886
TRINCOMALEE,2.4790,2.3520,2.1310,2.0224,1.6618,1.9666,NQC,1.6025,1.8384,NQC,1.7627,1.6207,1.5760,NQC,1.5560,0.6326,0.5485,NQC,0.8232,0.7235,1.0588,NQC,NQC,NQC,1.3583,1.0621,NQC,0.8955,0.5868,0.9555,NQC,0.6021,2.0122,1.8569,1.2771,1.6537,2.1020,1.2453,1.3575,1.1623,1.1360,NQC,NQC,1.2109,NQC,1.6562,0.8012,NQC,NQC,NQC,NQC,0.7995,1.0208,0.4014,0.2865,1.0600,0.8883,NQC,0.8327,0.6416,NQC,1.7271,1.5744,1.7320,1.6239,1.0786,NQC,0.7595,0.7635,1.4009,NQC,1.3441,1.4497,NQC,NQC,NQC,1.0522,0.6979,1.6698,1.5147,1.5194,1.4179,1.1854,1.3336,1.1522,1.2695,1.2989,1.1093,1.3499,0.9882,NQC,NQC,0.1343,1.9354,1.9800,1.7342,1.4146,1.2204,1.5736,1.2513,1.1035,1.6514,1.2548,1.0389,1.1213,0.5873,NQC,NQC,1.2406,0.7673,0.8958,1.2520,1.2520,1.1836,1.0292,1.0773,1.0276,NQC,0.9762,1.2275,1.3053,1.2847,0.8418,1.1634,0.8628,NQC,NQC,1.4359,1.4879,NQC,NQC,1.4936,NQC,1.4703,NQC,1.5316,0.9148,1.5320,1.1688,1.5367,1.0660,1.0916,0.6699,1.0665,0.9287,1.1438,1.2137,0.7261,NQC,0.4957,0.6261,0.4407,0.2318,0.8150,0.8185,0.7273,0.9884,0.3623,0.7723,0.7267,1.3615,0.8931,1.5928,1.5361,0.7905,0.3802,NQC,NQC,0.4068,1.2719,0.6901,0.8845,0.8220,0.8533,0.7013,1.1298,1.3852,1.4779,1.3417,0.5991,0.6884,0.7750,NQC,1.0597,NQC,NQC,NQC,1.3013,1.1308,1.1157,NQC,NQC,1.1048,0.5969,1.2482,NQC,1.9632,1.7678,0.6217,1.3788,0.7876,NQC,1.3238,0.8740,1.8570,1.8933,0.8597,1.4996,0.6988,0.6959,NQC,1.2697,NQC,1.1173,NQC,NQC,1.8178,NQC,1.0503,1.2273,0.5353,NQC,1.0679,1.0743,0.9746,1.2225,NQC,0.4538,1.5072,1.4576,1.9141,1.7406,1.7022,0.9834,1.6200,1.4293,1.4374,1.4546,1.4293,1.2274,0.6996,0.7792,0.9367,1.2044,1.0052,1.2515,1.3406,1.2515,1.7807,1.0188,0.8893,1.7197,1.4924,1.0554,1.2135,0.5299,1.1824,1.2086,1.4441,1.2721,1.3023
BATTICALOA,2.4312,2.1799,2.1062,2.0032,1.7804,1.9269,1.8874,1.7744,1.8472,NQC,1.7908,NQC,1.7318,NQC,1.6891,0.6463,0.6522,NQC,0.8645,0.7400,1.1473,1.6130,1.4836,1.3696,1.3170,1.0467,NQC,0.9211,0.9413,0.9698,NQC,0.8619,1.9494,1.8585,1.4005,1.6319,2.0967,NQC,1.3733,1.3259,1.3041,NQC,NQC,1.1243,NQC,NQC,0.9517,1.7505,NQC,1.1912,1.0988,0.7914,1.0055,0.5639,0.5598,1.0595,0.9056,NQC,0.8316,0.6481,0.6723,1.7206,1.5728,1.7335,1.7063,1.1058,1.5135,1.1002,1.0811,1.2441,NQC,1.4281,1.3265,NQC,1.5598,NQC,1.0098,0.9762,1.6698,1.5147,1.5194,1.4179,1.1854,1.3336,1.1522,1.2695,1.2989,1.1093,1.3499,0.9627,0.9706,0.2395,NQC,1.9080,1.8835,1.8067,1.4976,1.2630,1.4440,1.2513,1.0446,1.6514,1.2770,1.0471,1.1163,NQC,NQC,NQC,1.2150,0.8154,0.8039,1.2420,NQC,1.1815,1.0342,1.0443,1.2528,1.2631,1.0181,1.2514,1.3428,1.2771,0.8418,1.1634,0.7823,1.5649,1.4979,1.4909,1.4778,1.6816,1.6264,1.5933,1.6168,1.5746,1.6555,NQC,0.8607,1.3681,1.3067,1.6925,1.0967,1.2310,0.6408,1.0665,0.9786,1.0960,0.9867,0.7607,NQC,0.6714,0.6396,NQC,0.5941,0.6726,NQC,0.4846,0.9597,NQC,0.6557,0.6791,1.2634,0.8960,1.8288,1.5400,0.4278,0.4717,1.0784,0.6865,0.8979,1.3652,0.6901,NQC,1.0492,0.8839,0.7015,0.9579,1.6266,1.4535,1.3548,0.8079,0.7715,0.8797,NQC,1.0822,1.7066,NQC,NQC,1.2137,NQC,NQC,NQC,NQC,1.2406,NQC,1.1923,1.7885,2.4314,1.6967,0.9177,1.3476,0.8139,1.3428,1.2553,0.9385,1.7006,2.2504,0.8943,1.4567,0.7686,0.7838,1.0943,1.1581,1.3905,1.1259,3.3105,NQC,1.8406,NQC,1.8039,1.2717,0.8463,1.3741,1.0679,1.0743,0.9684,0.9242,NQC,0.8100,1.4592,1.6880,1.8885,1.7406,1.7022,1.0928,1.6307,1.4355,1.4398,1.9800,1.4109,1.3049,0.7693,0.8097,0.9464,1.0666,0.9603,1.2647,1.3191,1.5055,1.7807,1.0027,0.9318,1.6640,1.4510,1.1825,1.1438,0.6249,1.2100,NQC,1.5111,1.2424,1.3826
AMPARA,2.3849,2.1581,2.1248,2.0228,1.7666,1.9349,1.8505,1.7123,1.8292,1.7166,1.7127,1.8055,1.7001,1.7053,1.6939,0.7096,0.6938,NQC,0.7908,0.7042,1.2052,NQC,1.5505,1.3597,1.3265,1.0528,1.1943,0.8836,0.9031,0.9519,1.0899,0.7455,1.9463,NQC,1.4009,1.6277,2.1657,1.4015,1.3324,1.3281,1.2698,NQC,NQC,1.1614,NQC,NQC,0.9563,NQC,NQC,NQC,1.1096,0.7921,1.0096,0.6185,0.6114,1.0428,0.9143,1.0390,0.8178,0.6624,0.5921,1.7671,1.6031,1.7519,1.6215,1.0651,1.4361,0.9258,0.9259,1.2466,1.3641,1.3505,1.3721,NQC,NQC,NQC,NQC,0.8547,1.6698,1.5147,1.5194,1.4179,1.1854,1.3336,1.1522,1.2695,1.2989,1.1093,1.3499,0.8539,0.8507,0.9516,NQC,1.9180,NQC,1.8197,1.4764,1.1247,1.4673,1.2513,1.1222,1.6514,1.1759,1.1280,1.2211,0.3334,NQC,1.4498,1.1867,0.7219,0.8361,1.2930,1.2451,1.1842,1.0176,1.0893,1.0502,1.3340,1.0566,1.2573,1.2907,1.2954,0.8418,1.1634,0.7841,1.5434,1.4995,1.5001,1.4783,1.6825,1.6641,1.5981,1.6075,1.5758,1.6032,NQC,0.8529,1.3945,1.2649,1.6829,1.0802,1.1080,0.6664,1.0665,0.9332,1.1882,0.9629,0.6436,1.5808,0.2959,0.3334,0.2603,0.4558,0.4275,0.8432,0.7467,0.9607,0.6823,0.5692,0.6809,1.1506,0.9457,1.6287,1.5118,NQC,0.3059,1.0236,NQC,0.3989,1.2873,0.6901,1.2062,1.0397,0.8313,0.6386,0.8755,1.3558,1.5608,1.2785,0.8171,0.7738,0.6917,1.7642,1.2317,1.6793,0.2463,NQC,1.5075,1.1124,1.2746,NQC,NQC,1.2965,0.2708,1.2251,1.8408,2.4095,1.6783,0.6689,1.5538,0.8098,1.1228,1.2268,0.9131,1.6155,1.8761,0.8806,NQC,0.8413,0.8947,1.0970,NQC,1.3051,1.1577,2.0083,2.3685,1.8440,NQC,1.0461,1.2612,0.7152,1.5076,1.0679,1.0743,0.9127,0.8619,NQC,0.4982,1.5632,1.4185,1.8774,1.7406,1.7022,1.0276,1.6306,1.4270,1.4645,1.3634,1.4311,1.2896,0.7045,1.0144,0.8411,1.2150,0.9679,1.2953,1.3065,1.5703,1.7807,1.0239,0.8452,1.4695,1.5632,1.1058,1.3936,0.6215,1.2106,1.6301,1.5277,1.3804,1.3762
PUTTALAM,2.3803,2.1963,NQC,2.0144,1.6752,1.9549,1.8622,1.6202,1.8232,1.6485,1.7082,NQC,1.6062,NQC,1.5833,0.6497,0.4993,0.7512,0.8353,0.6934,1.1760,1.7634,1.4346,1.3789,1.2956,1.0487,1.1783,0.8878,0.6234,1.0136,NQC,0.5672,1.9782,NQC,1.2790,1.6340,2.0884,1.0350,1.3808,1.4779,1.1240,NQC,NQC,1.2255,NQC,1.7084,0.7394,1.6697,NQC,NQC,1.1170,0.8108,1.0073,0.4107,0.3388,0.8515,0.9886,NQC,0.8185,0.6277,0.3000,1.7247,1.5992,1.7495,1.6255,1.1569,1.4289,1.2034,1.1561,1.2497,1.3392,1.3472,1.3473,1.6112,1.4759,NQC,1.0362,1.0378,1.6698,1.5147,1.5194,1.4179,1.1854,1.3336,1.1522,1.2695,1.2989,1.1093,1.3499,1.0267,1.1034,1.2038,1.2513,1.9154,1.8927,1.7095,1.3380,1.0082,1.4712,1.2513,1.0032,1.6514,1.1845,1.0472,1.2256,1.0489,1.5487,1.4426,1.0400,0.3600,NQC,1.2634,1.3085,NQC,0.9390,0.9528,0.8978,1.3228,0.9048,1.2954,1.2874,1.3047,0.8418,1.1634,0.5992,NQC,1.4974,1.3459,1.4109,NQC,NQC,1.5261,1.5361,1.4637,NQC,1.5572,0.9038,1.4169,1.5972,1.5805,1.0217,1.0171,0.6066,1.0665,0.8510,0.9776,1.2049,0.5908,0.9661,0.5873,-0.1240,0.4113,NQC,NQC,0.6699,0.7478,0.3569,0.9189,0.4026,0.5498,1.2082,0.7572,1.6319,1.5067,0.3822,0.3221,0.9000,0.7427,0.4649,1.2992,0.6901,0.9601,0.9792,0.9225,0.5890,1.1482,1.2982,1.4481,1.3704,0.7275,0.7133,0.8754,1.7225,1.1171,NQC,NQC,1.4767,1.1629,NQC,1.2237,NQC,NQC,1.0245,0.9126,1.0898,1.7737,2.1181,NQC,0.6300,1.4858,0.8071,NQC,1.2265,1.0375,1.6290,2.2816,0.8637,NQC,0.4221,0.3486,1.1433,NQC,1.4266,NQC,2.7770,2.1736,1.8911,1.6078,1.0952,1.2749,0.6517,1.4336,1.0679,1.0743,0.8170,1.0618,NQC,0.4779,1.7015,1.5767,1.7282,1.7406,1.7022,0.9456,1.5059,1.4153,1.4549,1.6069,1.4426,1.2284,0.5115,0.9074,1.0250,1.0002,0.8768,1.2583,1.3213,1.5726,1.7807,1.0129,0.8796,1.6512,1.3268,1.1457,1.3514,0.4789,1.0080,1.6895,1.5100,1.4755,1.1878
KURUNEGALA,2.4158,2.1617,2.1019,2.0102,1.7814,1.9247,1.8531,NQC,1.8190,NQC,1.7781,NQC,1.7717,NQC,1.7261,0.7292,0.8474,0.7426,0.8405,0.7334,1.2035,1.6030,1.4248,1.3605,1.2905,1.1386,1.1691,1.2579,NQC,0.9543,0.9993,0.8628,1.9267,1.8000,NQC,1.6920,2.0805,NQC,1.5806,1.6078,1.4382,1.5758,1.5821,1.3986,1.4004,1.6517,NQC,1.3713,1.2542,1.1839,1.0862,0.8860,0.9909,0.8952,0.8835,1.1014,0.8967,0.9788,0.8327,0.8409,0.8643,1.7327,1.5699,1.7207,1.6152,1.2825,1.4273,NQC,NQC,1.2801,1.3304,1.3425,1.5648,1.6095,1.4760,1.2202,1.2250,1.2306,1.6698,1.5147,1.5194,1.4179,1.1854,1.3336,1.1522,1.2695,1.2989,1.1093,1.3499,1.2026,1.2001,1.3547,0.8277,1.9034,1.8731,1.8927,1.6213,1.4437,1.5575,1.2513,1.1480,1.6514,1.1812,1.0760,1.0962,1.2562,1.6043,1.4459,1.3659,0.6934,0.6928,1.2525,1.2267,1.1809,0.9362,0.9573,0.9134,1.2187,1.1510,1.3021,1.2946,1.2855,0.8418,1.1634,0.8286,1.5429,1.4980,1.4527,1.4533,1.6721,1.6272,1.5848,1.5663,1.5285,1.6362,1.6588,0.9927,1.4680,1.6219,1.7474,1.3635,1.3932,0.8086,1.0665,0.9505,1.2227,1.2721,0.7660,0.9980,NQC,NQC,0.9643,NQC,NQC,1.0104,0.6980,NQC,0.9942,-0.0923,0.7213,1.3127,0.9205,1.8617,1.4792,0.1462,0.1945,0.8823,0.6173,0.6400,1.3051,0.6901,0.9627,1.1171,0.9887,0.7015,1.2314,1.5626,1.4383,1.4433,0.8972,0.8817,0.9198,1.6527,1.2651,1.7116,0.7414,1.4118,1.0503,NQC,1.2973,1.5378,1.5742,1.4424,1.1710,1.2817,1.8012,1.9487,1.6736,1.1482,1.3404,1.1139,1.1707,1.2683,1.1120,1.6059,1.9011,1.0056,1.3902,1.0070,1.0112,1.0922,1.1763,1.2743,1.1419,1.9698,2.1676,1.8364,1.5839,1.0574,1.2186,1.0562,1.4971,1.0679,1.0743,0.9891,1.2177,1.0703,0.9741,1.8542,1.6192,1.9504,1.7406,1.7022,1.1270,1.4899,1.4128,1.4525,2.1444,1.4676,1.5045,0.7136,1.0391,1.2121,1.0501,1.0262,1.2971,1.3224,1.5955,1.7807,0.9872,0.9011,1.7243,1.4838,1.2281,1.4614,0.7333,1.3736,1.7891,1.5212,1.3526,1.4438
ANURADHAPURA,2.3780,2.1629,2.1186,2.0074,1.6667,1.9247,NQC,1.5275,1.8314,NQC,1.7018,1.5373,1.5122,NQC,1.4768,0.6351,0.6020,0.7815,0.8091,0.7115,1.1534,NQC,1.4467,1.3809,1.3030,1.0447,1.1903,0.9108,0.7568,0.9486,0.9946,0.6922,1.9395,NQC,1.3698,1.6287,2.1595,NQC,1.3586,1.3545,1.3240,NQC,NQC,1.1075,NQC,1.7014,0.8951,1.4009,1.3055,1.1819,1.0894,0.7916,0.9977,0.6331,0.6324,1.0026,0.8924,NQC,0.8427,0.6122,0.5512,1.7255,1.5704,1.7198,1.6212,1.1322,1.4297,1.1474,NQC,1.2458,1.3305,1.3432,1.5496,1.6064,1.4928,NQC,1.0690,1.0658,1.6698,1.5147,1.5194,1.4179,1.1854,1.3336,1.1522,1.2695,1.2989,1.1093,1.3499,1.0602,1.0656,0.8820,0.5839,1.8967,1.8719,1.8410,1.4110,1.3051,1.4890,1.2513,1.1563,1.6514,1.1943,0.9739,1.0454,0.9379,NQC,1.4463,1.1176,0.5558,0.6036,1.2770,1.2628,1.1840,0.9625,0.9515,NQC,1.2247,1.1403,1.3180,NQC,1.2699,0.8418,1.1634,0.6627,NQC,NQC,1.2133,1.4184,NQC,NQC,1.3480,NQC,1.4216,NQC,1.4438,0.9503,1.3657,1.4098,1.4769,1.2555,1.3005,0.7432,1.0665,0.9587,1.0701,1.1227,0.7291,0.7942,NQC,NQC,0.8249,NQC,NQC,1.0302,0.6480,NQC,0.8080,0.7073,0.6874,1.2401,0.8371,1.8159,1.4296,-0.2391,0.2022,0.8822,NQC,0.2212,1.1232,0.6901,1.1404,0.9335,0.9293,0.6261,1.1724,1.6762,1.4904,1.4019,0.9026,0.8402,0.9139,2.0801,1.2560,1.6808,0.3290,1.5360,1.1076,1.0243,1.3101,NQC,NQC,1.1801,0.9341,1.2143,1.7736,1.9153,1.6977,1.1689,1.3717,1.0919,1.1238,1.2392,1.0803,1.6828,1.9018,0.9885,1.4157,1.0188,1.0687,1.2096,1.1540,1.3396,1.1173,1.9763,2.1738,1.8012,NQC,1.0330,1.5100,0.9551,1.3786,1.0679,1.0743,0.8872,1.0562,NQC,0.7510,1.8631,1.6255,1.8118,1.7406,1.7022,0.9794,1.5903,1.3319,1.1698,2.3339,1.4453,1.3059,0.5797,1.0712,1.0772,1.0508,1.0272,1.2986,1.2978,1.6423,1.7807,0.7674,0.8311,1.7457,1.5317,1.1929,1.5486,0.6157,1.2567,1.7765,1.3866,1.3780,1.3860
POLONNARUWA,2.5831,2.1597,NQC,NQC,1.7126,1.9507,NQC,1.4926,1.8190,NQC,1.7466,1.4761,1.4402,NQC,1.4252,0.6345,0.4731,0.9336,0.8402,0.7583,0.8996,NQC,NQC,1.3651,1.2976,1.0666,1.1825,0.9225,0.6844,NQC,1.0952,0.5973,2.0505,1.8109,1.2676,1.6574,2.1108,0.8495,1.2091,1.5527,0.8559,NQC,NQC,NQC,NQC,NQC,0.6440,2.1084,NQC,NQC,NQC,NQC,NQC,0.4221,0.3596,0.7637,NQC,NQC,NQC,NQC,0.2147,1.7647,NQC,1.7431,1.6248,1.0858,1.5576,1.0834,1.0835,1.2449,1.3240,1.3529,1.5360,1.7407,1.4976,NQC,1.0098,0.9722,1.6698,1.5147,1.5194,1.4179,1.1854,1.3336,1.1522,1.2695,1.2989,1.1093,1.3499,NQC,0.9578,0.9660,-0.1417,NQC,1.8909,1.7594,1.3775,0.9775,1.5368,1.2513,0.9203,1.6514,NQC,0.8651,0.9426,1.8100,NQC,NQC,0.8365,0.4007,0.8502,1.2667,NQC,1.1838,1.0261,0.9609,NQC,1.2619,0.9697,1.1868,NQC,1.2496,0.8418,1.1634,0.8240,NQC,NQC,1.2408,NQC,NQC,NQC,1.3634,NQC,1.3998,NQC,1.4299,0.7123,1.3982,1.2364,1.5102,0.8476,0.7787,0.5686,1.0665,0.7936,0.8398,1.2417,0.6907,NQC,NQC,0.5767,0.7803,NQC,NQC,0.9106,NQC,0.2793,NQC,0.3404,0.6238,1.3096,0.5420,1.9694,1.5162,-0.4887,NQC,1.0542,0.8236,0.0189,1.2893,0.6901,NQC,0.9460,0.7366,0.5985,1.2354,1.5868,1.4947,1.4789,0.7375,0.7242,0.8883,NQC,1.1761,NQC,NQC,1.4565,1.0289,NQC,1.3380,NQC,NQC,0.7902,NQC,1.2073,NQC,2.5718,1.7242,0.8486,1.4040,0.8245,NQC,1.2784,0.9295,1.7162,2.0034,0.9984,1.5837,0.5890,0.7066,NQC,1.2464,1.4882,1.5753,NQC,2.1655,1.8071,1.6968,1.1355,1.2530,1.0041,1.3522,1.0679,1.0743,0.7467,1.0834,NQC,0.6375,1.6811,1.6727,1.8621,1.7406,1.7022,0.7694,1.5768,1.1079,1.1250,1.9626,1.4210,1.2153,0.4881,1.0286,0.9458,0.8187,0.7949,1.3022,1.2936,1.4600,1.7807,0.7851,0.5741,1.6685,1.4350,0.9707,1.4004,0.4982,0.7859,1.7640,1.3529,0.9987,1.0710
BADULLA,2.4412,2.1757,2.1252,2.0055,1.6683,1.9236,NQC,1.5883,1.8738,1.6579,NQC,1.5978,1.5754,NQC,1.5625,0.7045,0.7081,0.7514,0.8187,0.7005,1.1699,NQC,1.4369,1.3652,1.2913,1.0488,1.1678,0.8964,0.8021,0.9627,0.9854,0.7308,1.9319,1.8417,1.6082,1.6263,2.1156,NQC,1.5841,1.5756,1.3984,NQC,NQC,1.1182,1.5052,1.6764,1.1568,1.3938,1.2459,1.1939,1.0880,0.7985,0.9919,0.7747,0.8643,1.1125,0.8887,0.9767,0.8185,0.7514,0.7352,1.7342,1.5768,1.7535,1.6184,1.0713,1.4313,1.0721,1.0921,1.2513,1.3247,1.3505,1.5176,1.5992,1.5783,NQC,1.0210,1.0258,1.6698,1.5147,1.5194,1.4179,1.1854,1.3336,1.1522,1.2695,1.2989,1.1093,1.3499,1.0530,1.0556,0.6253,0.4692,1.9003,1.8826,1.7512,1.5261,1.3671,1.4681,1.2513,1.1960,1.6514,1.1730,1.0161,0.8809,0.4186,NQC,1.5399,1.1182,NQC,0.6606,1.2342,NQC,1.1892,1.0190,1.0013,NQC,1.2301,1.0100,1.2550,1.3426,1.2755,0.8418,1.1634,0.7859,NQC,1.5149,1.3673,1.4275,NQC,NQC,1.4093,NQC,1.4788,NQC,1.4320,0.9915,1.4864,1.5976,1.5401,1.3615,1.3460,0.7972,1.0665,1.0544,1.1146,1.1425,0.7177,1.2951,0.2547,0.3400,0.8164,0.2458,0.9435,0.6784,0.1398,-0.2397,0.9427,0.5150,0.7071,1.1838,0.9404,1.6495,1.3605,0.1669,0.2603,0.8991,0.6564,0.4314,1.1794,0.6901,1.0302,1.1182,0.9076,0.6995,1.0667,1.4174,1.4243,1.4805,0.8529,0.8112,0.8941,NQC,1.1196,1.9490,0.3141,NQC,1.0498,NQC,1.1708,1.5580,1.5768,1.4210,1.1867,1.2037,1.7692,2.0293,1.7230,1.1389,1.4328,1.1781,1.1334,1.2209,1.1010,1.6285,1.8816,1.0721,1.4211,1.0973,1.0857,1.0995,1.1450,1.3087,1.1284,1.9725,2.1830,1.8292,1.5850,1.1287,1.2472,1.0304,1.5651,1.0679,1.0743,0.9337,1.0410,1.0865,1.0045,1.6119,1.5911,1.8247,1.7406,1.7022,1.2211,1.5481,1.2731,1.3029,2.1447,1.3837,1.4524,0.6993,1.0134,1.0707,1.0584,1.0213,1.2856,1.3231,1.5318,1.7807,1.0269,0.9336,1.4923,1.4756,1.0690,1.5367,0.6922,1.3556,1.6551,1.5170,1.3637,1.2025
MONARAGALA,2.4569,2.1588,NQC,2.0111,1.6892,1.9839,NQC,1.6298,1.8289,1.6480,1.7704,NQC,NQC,1.5915,1.5838,0.7015,1.5712,0.7436,1.0616,0.6971,1.1261,NQC,NQC,1.3638,1.2943,1.0861,1.1702,0.8980,0.6890,1.1244,1.1272,0.6003,1.9573,NQC,1.2793,1.6425,2.1018,1.2014,1.5871,1.5048,1.1499,NQC,NQC,1.1541,NQC,NQC,0.8199,NQC,1.5292,NQC,1.1416,0.8100,0.9947,0.6335,0.6291,1.0257,NQC,NQC,NQC,0.6144,0.5290,1.7247,1.5687,1.7447,1.6167,1.2418,1.4280,1.2409,NQC,1.2448,1.3257,1.3441,1.5632,NQC,1.4864,1.2209,1.1497,1.1480,1.6698,1.5147,1.5194,1.4179,1.1854,1.3336,1.1522,1.2695,1.2989,1.1093,1.3499,1.2105,1.1642,NQC,1.0473,1.9235,1.8747,NQC,1.5298,1.1535,1.5624,1.2513,0.9773,1.6514,1.1980,1.0089,0.8989,1.0261,1.5441,1.4691,1.2726,0.5462,0.6055,1.2356,1.2225,NQC,NQC,1.0422,NQC,1.2216,1.1613,1.2812,1.3089,1.2845,0.8418,1.1634,0.7866,NQC,NQC,1.3094,1.4498,NQC,NQC,1.3848,NQC,1.4788,NQC,1.5586,0.8994,1.4857,1.6277,1.5623,1.1399,1.1648,0.7287,1.0665,0.8221,1.0660,1.2049,0.7172,0.5812,NQC,NQC,0.9749,NQC,NQC,1.0505,NQC,NQC,NQC,0.3921,0.7198,1.3498,0.8113,1.5840,1.4800,0.1302,0.2916,0.9560,0.6517,0.3536,1.0306,0.6901,1.1724,0.9440,0.9526,0.6925,1.1905,1.4747,1.4104,1.4369,0.7978,0.8457,0.8470,NQC,1.3324,2.7160,NQC,1.6336,NQC,1.1976,1.2888,NQC,NQC,1.0750,0.8782,1.2055,1.9478,1.9949,NQC,1.3109,1.3535,NQC,1.1181,1.2230,NQC,1.7102,1.9247,0.9342,1.4012,0.9431,0.9765,1.0947,1.1762,NQC,1.1085,2.0272,2.2955,NQC,NQC,1.0919,1.2466,0.9962,1.3738,1.0679,1.0743,0.9525,1.1825,NQC,0.7751,1.8147,1.5368,1.9601,1.7406,1.7022,1.0273,1.4710,1.4181,1.3376,1.9232,1.3014,1.1678,0.7036,1.0332,1.2281,0.9755,0.9306,1.3388,1.3601,1.4305,1.7807,0.9317,0.7760,1.7343,1.3960,1.2145,1.5575,0.6017,1.1343,1.8318,1.4922,1.1111,1.4626
KEGALLE,2.3907,2.1918,2.1411,2.0100,1.7179,1.9223,NQC,NQC,1.8169,1.7361,1.7225,NQC,1.7085,NQC,1.6219,0.7747,0.7774,0.7741,0.7953,0.7693,1.1889,1.6049,1.4262,1.3711,1.2932,1.0778,1.1676,1.1372,NQC,0.9682,0.9876,NQC,1.9402,1.8084,NQC,1.6427,2.0962,NQC,1.5467,1.5472,1.4414,1.5744,1.5816,1.3115,1.4197,1.8996,NQC,1.3845,1.2515,1.1969,1.0872,0.9153,0.9919,NQC,NQC,1.0605,0.8842,0.9903,0.8459,0.8827,NQC,1.7287,1.5935,1.7207,1.6160,1.3583,1.4312,NQC,NQC,1.3209,1.3232,1.3424,1.5920,1.6015,1.4896,1.2626,1.2721,1.3168,1.6698,1.5147,1.5194,1.4179,1.1854,1.3336,1.1522,1.2695,1.2989,1.1093,1.3499,1.2073,1.2073,1.3052,1.0704,1.9597,1.8830,1.7548,1.6006,1.4731,1.4401,1.2513,1.1517,1.6514,1.2070,1.0286,1.0291,1.0542,1.4824,1.4622,1.3158,0.7173,0.7238,1.2371,1.2457,1.2074,1.0113,1.0104,NQC,1.2584,1.1283,1.3604,1.2908,1.2809,0.8418,1.1634,0.8600,NQC,1.4997,NQC,1.4504,NQC,1.6272,1.5111,1.5514,1.5293,1.6094,NQC,1.0143,1.5280,1.6146,1.6748,1.3675,1.4034,0.8157,1.0665,1.0248,1.2231,1.2761,0.8011,0.7933,0.4346,0.7861,0.9093,NQC,0.0694,0.9018,NQC,0.8138,0.8939,0.5122,0.7768,1.2217,0.8589,1.8264,1.4874,1.0424,0.2808,0.8652,0.7562,1.0725,1.3195,0.6901,1.1468,1.0435,0.9953,0.7298,1.2578,1.4199,1.5947,1.4608,0.9287,0.8818,0.9389,1.7105,1.2080,1.7485,0.7579,NQC,NQC,1.1400,1.3612,1.5382,1.5760,1.5052,1.0960,1.2618,1.7690,1.9971,1.6735,1.1689,1.3818,1.1612,1.1542,1.2206,1.1887,1.6006,1.8845,NQC,1.3988,NQC,NQC,1.1222,1.2045,1.2833,1.1230,2.0043,2.1836,1.8485,1.5730,1.1150,1.2347,1.0862,1.4641,1.0679,1.0743,0.9356,1.2417,1.1810,0.9836,1.9134,1.6152,1.8882,1.7406,1.7022,1.1804,1.5602,1.4074,1.4523,2.3535,1.4505,1.4309,0.7163,1.0886,1.2137,1.1251,1.0581,1.3629,1.3830,1.6317,1.7807,0.9524,0.8632,1.7955,1.5518,1.2601,1.5581,0.7548,1.3867,1.6771,1.5200,1.3445,1.3746
RATNAPURA,2.3844,2.1706,2.1103,2.0135,NQC,1.9227,1.8802,NQC,1.8227,1.7692,1.8032,1.8222,1.7599,NQC,1.7215,0.6513,0.6494,0.7760,0.7917,0.7248,1.1932,1.5983,1.4274,1.3632,1.2982,1.0473,1.1709,0.9503,0.9951,0.9934,0.9838,0.6786,1.9391,1.8004,1.5051,1.6336,2.0919,1.5439,1.4419,1.4932,1.3696,1.6095,NQC,1.1751,1.4218,1.8598,1.1640,1.3692,1.2504,1.1926,1.0916,0.8018,1.0029,0.6867,0.7033,1.0743,0.8859,0.9752,0.8230,0.6190,0.6226,1.7167,1.5848,1.7175,1.6232,1.2385,1.4280,1.3083,1.2370,1.2474,1.3249,1.3456,1.4745,1.6032,1.4745,1.2107,1.1786,1.1834,1.6698,1.5147,1.5194,1.4179,1.1854,1.3336,1.1522,1.2695,1.2989,1.1093,1.3499,1.1698,1.1658,0.5139,0.3186,1.9005,1.8770,1.7595,1.5541,1.4940,1.5176,1.2513,1.1526,1.6514,1.1731,1.0611,0.7410,0.8754,1.4804,1.4432,1.3125,0.4637,0.6005,1.2344,1.2254,1.1802,1.0107,0.9979,NQC,1.2324,1.0919,1.3026,1.2885,1.2956,0.8418,1.1634,0.7509,1.5460,1.5128,1.4249,1.4258,1.6757,1.6286,1.5901,1.5833,1.5334,1.6215,1.5892,0.9750,1.5417,1.5319,1.7379,1.3592,1.3866,0.8025,1.0665,0.9155,1.1612,1.2290,0.7259,1.1587,-0.4855,NQC,0.9020,-0.0974,NQC,0.9684,NQC,0.6256,0.8694,0.4442,0.7505,1.2830,0.8900,1.7639,1.3905,NQC,0.3880,0.8691,0.8218,0.7644,1.2164,0.6901,0.9236,1.0441,0.8930,0.6954,1.2091,1.6077,1.3997,1.4589,0.8462,0.8160,0.9286,1.6573,1.2360,1.6887,0.4336,1.5157,1.1856,1.1277,1.2957,NQC,NQC,1.3819,1.1671,1.2673,1.8162,1.9546,1.6974,1.1643,1.3499,1.1677,1.1575,1.2207,1.2091,1.6260,1.9300,1.0038,1.3897,1.0605,0.9906,1.0937,1.1472,1.2682,1.1085,2.0700,2.1733,1.8540,1.6068,1.0999,1.2268,1.1090,1.3601,1.0679,1.0743,1.0083,1.2714,1.0609,1.0123,1.7655,1.6144,1.9288,1.7406,1.7022,1.1928,1.5859,1.3910,1.4055,2.2957,1.4297,1.4552,0.6826,1.0929,1.2090,1.1239,1.0504,1.2912,1.2923,1.6520,1.7807,1.0596,0.9339,1.6796,1.4388,1.2027,1.4722,0.6383,1.3736,1.7720,1.5577,1.3851,1.4691
